baseline_modelName,target_isClose,period,GLOBAL_SEED,rmse,mae,r2,n_days,trading_days,skipped_trades,gap_skips,edge_skips,trade_rate,win_days,win_rate,compound_gross_return,total_return,annualized_return,cagr,sharpe_ratio,sortino_ratio,omega_ratio,max_drawdown,calmar_ratio,profit_factor,volatility,risk_free_rate,execution_threshold,max_gap
baseline_BuyAndHold,True,training,10,780.616931906994,716.2540588940235,-5.324936074250366,3262,3261,0,0,0,0.9996934396076027,1679,0.5148727384237963,1.331388067276047,1.0769871552611778,0.06757749178506645,0.06744424939914984,0.441307361189705,0.4313074310097893,1.082454280930039,0.443638441258952,0.1523256000839238,1.082454280930039,0.18853237393656844,0.0,0.0,0.02
baseline_BuyAndHold,True,validating,10,447.8703695622615,395.45019998890564,-3.5374677084450283,757,756,0,0,0,0.9986789960369881,418,0.5529100529100529,0.4146926234116757,0.3877718599184946,0.12241730690978159,0.12279645065398204,0.7834185471933404,0.7332600738671555,1.156380559126674,0.18220816418626676,0.6718541260568187,1.156380559126674,0.16477339949898062,0.0,0.0,0.02
baseline_BuyAndHold,True,testing,10,797.596768289989,742.9905490595872,-6.562029106469164,751,750,0,0,0,0.9986684420772304,402,0.536,0.4427783633803053,0.3983050034614397,0.13088865200405708,0.13082516639489805,0.9169512085303849,0.8925387816157369,1.1651257466330731,0.20430367714606895,0.6406573480832503,1.1651257466330731,0.1457572408239148,0.0,0.0,0.02
baseline_BuyAndHold,True,training,200,780.616931906994,716.2540588940235,-5.324936074250366,3262,3261,0,0,0,0.9996934396076027,1679,0.5148727384237963,1.331388067276047,1.0769871552611778,0.06757749178506645,0.06744424939914984,0.441307361189705,0.4313074310097893,1.082454280930039,0.443638441258952,0.1523256000839238,1.082454280930039,0.18853237393656844,0.0,0.0,0.02
baseline_BuyAndHold,True,validating,200,447.8703695622615,395.45019998890564,-3.5374677084450283,757,756,0,0,0,0.9986789960369881,418,0.5529100529100529,0.4146926234116757,0.3877718599184946,0.12241730690978159,0.12279645065398204,0.7834185471933404,0.7332600738671555,1.156380559126674,0.18220816418626676,0.6718541260568187,1.156380559126674,0.16477339949898062,0.0,0.0,0.02
baseline_BuyAndHold,True,testing,200,797.596768289989,742.9905490595872,-6.562029106469164,751,750,0,0,0,0.9986684420772304,402,0.536,0.4427783633803053,0.3983050034614397,0.13088865200405708,0.13082516639489805,0.9169512085303849,0.8925387816157369,1.1651257466330731,0.20430367714606895,0.6406573480832503,1.1651257466330731,0.1457572408239148,0.0,0.0,0.02
baseline_BuyAndHold,True,training,3000,780.616931906994,716.2540588940235,-5.324936074250366,3262,3261,0,0,0,0.9996934396076027,1679,0.5148727384237963,1.331388067276047,1.0769871552611778,0.06757749178506645,0.06744424939914984,0.441307361189705,0.4313074310097893,1.082454280930039,0.443638441258952,0.1523256000839238,1.082454280930039,0.18853237393656844,0.0,0.0,0.02
baseline_BuyAndHold,True,validating,3000,447.8703695622615,395.45019998890564,-3.5374677084450283,757,756,0,0,0,0.9986789960369881,418,0.5529100529100529,0.4146926234116757,0.3877718599184946,0.12241730690978159,0.12279645065398204,0.7834185471933404,0.7332600738671555,1.156380559126674,0.18220816418626676,0.6718541260568187,1.156380559126674,0.16477339949898062,0.0,0.0,0.02
baseline_BuyAndHold,True,testing,3000,797.596768289989,742.9905490595872,-6.562029106469164,751,750,0,0,0,0.9986684420772304,402,0.536,0.4427783633803053,0.3983050034614397,0.13088865200405708,0.13082516639489805,0.9169512085303849,0.8925387816157369,1.1651257466330731,0.20430367714606895,0.6406573480832503,1.1651257466330731,0.1457572408239148,0.0,0.0,0.02
baseline_BuyAndHold,True,training,40000,780.616931906994,716.2540588940235,-5.324936074250366,3262,3261,0,0,0,0.9996934396076027,1679,0.5148727384237963,1.331388067276047,1.0769871552611778,0.06757749178506645,0.06744424939914984,0.441307361189705,0.4313074310097893,1.082454280930039,0.443638441258952,0.1523256000839238,1.082454280930039,0.18853237393656844,0.0,0.0,0.02
baseline_BuyAndHold,True,validating,40000,447.8703695622615,395.45019998890564,-3.5374677084450283,757,756,0,0,0,0.9986789960369881,418,0.5529100529100529,0.4146926234116757,0.3877718599184946,0.12241730690978159,0.12279645065398204,0.7834185471933404,0.7332600738671555,1.156380559126674,0.18220816418626676,0.6718541260568187,1.156380559126674,0.16477339949898062,0.0,0.0,0.02
baseline_BuyAndHold,True,testing,40000,797.596768289989,742.9905490595872,-6.562029106469164,751,750,0,0,0,0.9986684420772304,402,0.536,0.4427783633803053,0.3983050034614397,0.13088865200405708,0.13082516639489805,0.9169512085303849,0.8925387816157369,1.1651257466330731,0.20430367714606895,0.6406573480832503,1.1651257466330731,0.1457572408239148,0.0,0.0,0.02
baseline_BuyAndHold,True,training,500000,780.616931906994,716.2540588940235,-5.324936074250366,3262,3261,0,0,0,0.9996934396076027,1679,0.5148727384237963,1.331388067276047,1.0769871552611778,0.06757749178506645,0.06744424939914984,0.441307361189705,0.4313074310097893,1.082454280930039,0.443638441258952,0.1523256000839238,1.082454280930039,0.18853237393656844,0.0,0.0,0.02
baseline_BuyAndHold,True,validating,500000,447.8703695622615,395.45019998890564,-3.5374677084450283,757,756,0,0,0,0.9986789960369881,418,0.5529100529100529,0.4146926234116757,0.3877718599184946,0.12241730690978159,0.12279645065398204,0.7834185471933404,0.7332600738671555,1.156380559126674,0.18220816418626676,0.6718541260568187,1.156380559126674,0.16477339949898062,0.0,0.0,0.02
baseline_BuyAndHold,True,testing,500000,797.596768289989,742.9905490595872,-6.562029106469164,751,750,0,0,0,0.9986684420772304,402,0.536,0.4427783633803053,0.3983050034614397,0.13088865200405708,0.13082516639489805,0.9169512085303849,0.8925387816157369,1.1651257466330731,0.20430367714606895,0.6406573480832503,1.1651257466330731,0.1457572408239148,0.0,0.0,0.02
baseline_ARIMA,True,training,10,16.812881249328033,9.61741191927163,0.9970659703562467,3262,1679,0,0,0,0.5147148988350705,826,0.4919594997022037,0.22214680740528014,0.3016297709634077,0.015618402236337259,0.015588359725813516,0.18663194117189036,0.1341768379109362,1.0470400483181475,0.3924060493614566,0.03980163471422606,1.0470400483181472,0.12485467692125572,0.0,0.0,0.02
baseline_ARIMA,True,validating,10,420.57685207037525,365.6259802713734,-3.0012862091026973,757,57,0,0,0,0.07529722589167767,32,0.5614035087719298,0.06824111394511112,0.06690944504218488,0.022218662495308017,0.022284359700762923,0.9112103773534143,0.31035929341398466,1.75820391552767,0.016503895212102774,1.346267787680477,1.75820391552767,0.02444406511779829,0.0,0.0,0.02
baseline_ARIMA,True,testing,10,807.5911785224191,753.7094021122878,-6.752730837397072,751,0,0,0,0,0.0,0,0.0,0.0,0.0,0.0,0.0,0.0,0.0,0.0,0.0,0.0,0.0,0.0,0.0,0.0,0.02
baseline_ARIMA,True,training,200,16.812881249328033,9.61741191927163,0.9970659703562467,3262,1679,0,0,0,0.5147148988350705,826,0.4919594997022037,0.22214680740528014,0.3016297709634077,0.015618402236337259,0.015588359725813516,0.18663194117189036,0.1341768379109362,1.0470400483181475,0.3924060493614566,0.03980163471422606,1.0470400483181472,0.12485467692125572,0.0,0.0,0.02
baseline_ARIMA,True,validating,200,420.57685207037525,365.6259802713734,-3.0012862091026973,757,57,0,0,0,0.07529722589167767,32,0.5614035087719298,0.06824111394511112,0.06690944504218488,0.022218662495308017,0.022284359700762923,0.9112103773534143,0.31035929341398466,1.75820391552767,0.016503895212102774,1.346267787680477,1.75820391552767,0.02444406511779829,0.0,0.0,0.02
baseline_ARIMA,True,testing,200,807.5911785224191,753.7094021122878,-6.752730837397072,751,0,0,0,0,0.0,0,0.0,0.0,0.0,0.0,0.0,0.0,0.0,0.0,0.0,0.0,0.0,0.0,0.0,0.0,0.02
baseline_ARIMA,True,training,3000,16.812881249328033,9.61741191927163,0.9970659703562467,3262,1679,0,0,0,0.5147148988350705,826,0.4919594997022037,0.22214680740528014,0.3016297709634077,0.015618402236337259,0.015588359725813516,0.18663194117189036,0.1341768379109362,1.0470400483181475,0.3924060493614566,0.03980163471422606,1.0470400483181472,0.12485467692125572,0.0,0.0,0.02
baseline_ARIMA,True,validating,3000,420.57685207037525,365.6259802713734,-3.0012862091026973,757,57,0,0,0,0.07529722589167767,32,0.5614035087719298,0.06824111394511112,0.06690944504218488,0.022218662495308017,0.022284359700762923,0.9112103773534143,0.31035929341398466,1.75820391552767,0.016503895212102774,1.346267787680477,1.75820391552767,0.02444406511779829,0.0,0.0,0.02
baseline_ARIMA,True,testing,3000,807.5911785224191,753.7094021122878,-6.752730837397072,751,0,0,0,0,0.0,0,0.0,0.0,0.0,0.0,0.0,0.0,0.0,0.0,0.0,0.0,0.0,0.0,0.0,0.0,0.02
baseline_ARIMA,True,training,40000,16.812881249328033,9.61741191927163,0.9970659703562467,3262,1679,0,0,0,0.5147148988350705,826,0.4919594997022037,0.22214680740528014,0.3016297709634077,0.015618402236337259,0.015588359725813516,0.18663194117189036,0.1341768379109362,1.0470400483181475,0.3924060493614566,0.03980163471422606,1.0470400483181472,0.12485467692125572,0.0,0.0,0.02
baseline_ARIMA,True,validating,40000,420.57685207037525,365.6259802713734,-3.0012862091026973,757,57,0,0,0,0.07529722589167767,32,0.5614035087719298,0.06824111394511112,0.06690944504218488,0.022218662495308017,0.022284359700762923,0.9112103773534143,0.31035929341398466,1.75820391552767,0.016503895212102774,1.346267787680477,1.75820391552767,0.02444406511779829,0.0,0.0,0.02
baseline_ARIMA,True,testing,40000,807.5911785224191,753.7094021122878,-6.752730837397072,751,0,0,0,0,0.0,0,0.0,0.0,0.0,0.0,0.0,0.0,0.0,0.0,0.0,0.0,0.0,0.0,0.0,0.0,0.02
baseline_ARIMA,True,training,500000,16.812881249328033,9.61741191927163,0.9970659703562467,3262,1679,0,0,0,0.5147148988350705,826,0.4919594997022037,0.22214680740528014,0.3016297709634077,0.015618402236337259,0.015588359725813516,0.18663194117189036,0.1341768379109362,1.0470400483181475,0.3924060493614566,0.03980163471422606,1.0470400483181472,0.12485467692125572,0.0,0.0,0.02
baseline_ARIMA,True,validating,500000,420.57685207037525,365.6259802713734,-3.0012862091026973,757,57,0,0,0,0.07529722589167767,32,0.5614035087719298,0.06824111394511112,0.06690944504218488,0.022218662495308017,0.022284359700762923,0.9112103773534143,0.31035929341398466,1.75820391552767,0.016503895212102774,1.346267787680477,1.75820391552767,0.02444406511779829,0.0,0.0,0.02
baseline_ARIMA,True,testing,500000,807.5911785224191,753.7094021122878,-6.752730837397072,751,0,0,0,0,0.0,0,0.0,0.0,0.0,0.0,0.0,0.0,0.0,0.0,0.0,0.0,0.0,0.0,0.0,0.0,0.02
baseline_LGBM,True,training,10,1.1551981380469027,0.4477110913713698,0.9999861486160809,3262,1757,0,0,0,0.5386266094420601,1262,0.7182697780307342,20075.842817388508,10.01929784577965,1.1497951114754223,1.1466567868445,6.2769741777612245,8.032173510677335,5.805710096110743,0.03821135195908392,30.09040645059101,5.805710096110743,0.12331148537897568,0.0,0.0,0.02
baseline_LGBM,True,validating,10,83.1450122537594,61.69761282708985,0.843619971333285,757,230,0,0,0,0.3038309114927345,119,0.5173913043478261,0.06604226566343185,0.07455135900697385,0.021517735382206915,0.021581338250450832,0.2960488708782555,0.1498895498991817,1.1045001089611752,0.13418681284507827,0.16035655759295536,1.1045001089611752,0.08382948863071896,0.0,0.0,0.02
baseline_LGBM,True,testing,10,414.0269818109295,309.5045208703737,-1.0376465932008334,751,21,0,0,0,0.02796271637816245,9,0.42857142857142855,-0.03195970961535122,-0.03135164331706641,-0.010840093352880609,-0.01083517279302304,-0.3819762717006609,-0.06410176895475753,0.6832063649667619,0.06684589538101031,-0.16216542977087686,0.6832063649667619,0.027541305835398787,0.0,0.0,0.02
baseline_LGBM,True,training,200,1.1288463733189908,0.4474714079040519,0.9999867733491195,3262,1760,0,0,0,0.539546290619252,1263,0.7176136363636364,19841.18528228248,10.007911239934224,1.1478434432609252,1.144711685812998,6.25697972848982,7.947662870025022,5.75020620597855,0.03595836919698533,31.921454417825988,5.750206205978548,0.12356494525164338,0.0,0.0,0.02
baseline_LGBM,True,validating,200,84.86650399352644,63.22335057589468,0.8370773335179582,757,222,0,0,0,0.29326287978863935,118,0.5315315315315315,0.10128570645203294,0.10674097433278451,0.032638273227521886,0.03273526946270744,0.4308525815990213,0.21171268062405843,1.1600268995279832,0.12948219432387706,0.2520676560815996,1.1600268995279832,0.08247211353749749,0.0,0.0,0.02
baseline_LGBM,True,testing,200,417.0873201158003,313.399568614671,-1.0678810219434558,751,18,0,0,0,0.023968042609853527,7,0.3888888888888889,-0.03377161400787332,-0.033675009834371994,-0.011461733719308143,-0.011456532620443327,-0.5301686237988449,-0.07685002320527391,0.545281157824936,0.05780095767689836,-0.19829660579982258,0.545281157824936,0.021313477412899143,0.0,0.0,0.02
baseline_LGBM,True,training,3000,1.1195051181062448,0.43662348976160836,0.9999869913456846,3262,1758,0,0,0,0.5389331698344574,1260,0.7167235494880546,19805.107769780538,10.006350134622686,1.1475414961459145,1.1444107544208313,6.2475505128404,7.939768497087408,5.733470009697838,0.0359583691969854,31.913057287428924,5.733470009697838,0.12373213399273582,0.0,0.0,0.02
baseline_LGBM,True,validating,3000,84.89344430848166,62.62347556713566,0.8369738796368329,757,208,0,0,0,0.2747688243064729,112,0.5384615384615384,0.12198840035065794,0.12529605231869534,0.03906036124962875,0.03917680234308363,0.5075299340178523,0.2398962049702116,1.1961767413470885,0.1294821943238771,0.3016658889169431,1.1961767413470885,0.08218269659252003,0.0,0.0,0.02
baseline_LGBM,True,testing,3000,417.42676189211875,313.05401598678606,-1.0712482345167649,751,20,0,0,0,0.02663115845539281,8,0.4,-0.023623031292843932,-0.02287304075244101,-0.007989808224693307,-0.007986176245374677,-0.29124844793989196,-0.05038084484890016,0.7363710324362955,0.06684589538101025,-0.11952578657451975,0.7363710324362955,0.02635244331596887,0.0,0.0,0.02
baseline_LGBM,True,training,40000,1.1085175475846971,0.4413591660308846,0.9999872454438249,3262,1754,0,0,0,0.5377069282648682,1260,0.7183580387685291,19968.61761503134,10.014269246018664,1.1489059357516518,1.1457706035329593,6.2629568508938185,7.94097534556215,5.778757789358607,0.035958369196985335,31.95100226758819,5.778757789358607,0.12352544532009442,0.0,0.0,0.02
baseline_LGBM,True,validating,40000,85.86401764815848,63.26300621833981,0.8332248667450732,757,216,0,0,0,0.285336856010568,113,0.5231481481481481,0.12283525130927808,0.12733950603784538,0.039321369809194096,0.03943860365391849,0.48520259898940155,0.24867084409085213,1.1883582716418148,0.13494800163706594,0.2913816383509436,1.1883582716418148,0.08736645290757485,0.0,0.0,0.02
baseline_LGBM,True,testing,40000,418.042678536412,313.56152032397694,-1.0773650317305812,751,20,0,0,0,0.02663115845539281,8,0.4,-0.023623031292843932,-0.02287304075244101,-0.007989808224693307,-0.007986176245374677,-0.29124844793989196,-0.05038084484890016,0.7363710324362955,0.06684589538101025,-0.11952578657451975,0.7363710324362955,0.02635244331596887,0.0,0.0,0.02
baseline_LGBM,True,training,500000,1.136199782455495,0.4498666749620414,0.9999866004686262,3262,1753,0,0,0,0.5374003678724709,1259,0.7181973759269823,19936.80061281706,10.01273792495606,1.1486412424480572,1.1455068008871554,6.259822777532554,7.947425186473587,5.7641158734988185,0.03595836919698533,31.943641163358343,5.764115873498819,0.12356839195547674,0.0,0.0,0.02
baseline_LGBM,True,validating,500000,85.77120302840122,64.07849458745585,0.8335852226870657,757,207,0,0,0,0.27344782034346105,108,0.5217391304347826,0.04663607713943985,0.05576788355581519,0.015289395628822033,0.015334450585689607,0.22591682023627804,0.10667980979601277,1.083432418052846,0.12991785200851325,0.11768510171966322,1.083432418052846,0.0821751030643058,0.0,0.0,0.02
baseline_LGBM,True,testing,500000,414.65557196641123,310.92195665344315,-1.0438385418251421,751,16,0,0,0,0.02130492676431425,6,0.375,-0.03704794720827598,-0.03729458191003443,-0.012587769646738356,-0.0125820608352335,-0.7179833272406401,-0.0896218977105208,0.38879945174799296,0.04535408860780687,-0.27754431922531464,0.38879945174799296,0.017429783285921607,0.0,0.0,0.02
baseline_LSTM,True,training,10,16.17647815489105,12.171712014361354,0.9972589823857976,3252,1790,0,0,0,0.550430504305043,1147,0.6407821229050279,1137.8432598969641,7.157292400966313,0.7252330148595552,0.7235330788745011,4.187337950003259,4.089003660641404,2.8395881801514253,0.07365248912548886,9.846687104137182,2.8395881801514253,0.13245268020265505,0.0,0.0,0.02
baseline_LSTM,True,validating,10,135.68088076443235,116.52138420217325,0.5714054320186321,747,16,0,0,0,0.0214190093708166,12,0.75,0.10573219937290301,0.10157787671409302,0.03448759345631425,0.03457546009727852,1.268383712726962,0.5965988155888087,8.773966507244953,0.006993607340149665,4.931302513700491,8.773966507244953,0.027016458169692538,0.0,0.0,0.02
baseline_LSTM,True,testing,10,287.21587335601566,250.52262188580676,0.02409239463714219,741,0,0,0,0,0.0,0,0.0,0.0,0.0,0.0,0.0,0.0,0.0,0.0,0.0,0.0,0.0,0.0,0.0,0.0,0.02
baseline_LSTM,True,training,200,15.843325479320086,12.047580414006044,0.9973707216596898,3252,1425,0,0,0,0.4381918819188192,959,0.6729824561403509,1270.5765017186138,7.253025080307411,0.7400346851362662,0.7382933205393338,4.5491874403469925,4.317201929165414,3.703452914184212,0.06392874066521012,11.575930910508166,3.703452914184212,0.12354789536996727,0.0,0.0,0.02
baseline_LSTM,True,validating,200,134.75873093906864,115.27419753885331,0.5772114870288465,747,22,0,0,0,0.029451137884872823,13,0.5909090909090909,0.08227362196325116,0.08110959308176946,0.027031091080921277,0.02709971220956464,0.724808697423663,0.35568919976168273,3.4224641082785783,0.01533090454919093,1.7631765297467599,3.4224641082785783,0.037751026529060205,0.0,0.0,0.02
baseline_LSTM,True,testing,200,282.6311287673483,241.35617234285382,0.05499999163082214,741,1,0,0,0,0.001349527665317139,0,0.0,-0.0011443172645898558,-0.0011443172645898558,-0.0003893075589321837,-0.00038931079476423047,-0.5831646179767074,-0.021423087538984538,0.0,0.0011443172645898558,-0.34020946024240806,0.0,0.0006673253404486941,0.0,0.0,0.02
baseline_LSTM,True,training,3000,17.46913924548373,12.831281720638861,0.9968034103544056,3252,1512,0,0,0,0.46494464944649444,1004,0.6640211640211641,937.0115152947634,6.951385144098893,0.6994903944086939,0.6978619633898451,4.292337107750381,3.847207942243345,3.331187925781533,0.07592300641372132,9.213154581853823,3.331187925781533,0.12549532060885918,0.0,0.0,0.02
baseline_LSTM,True,validating,3000,145.11785015103575,125.2471451561454,0.5097122684416736,747,28,0,0,0,0.03748326639892905,18,0.6428571428571429,0.11943068770196485,0.11589600390522048,0.03879339294777262,0.038892434558737365,0.8503670092344985,0.23400095657581482,2.970304260004679,0.031215145139910118,1.2427747099651745,2.970304260004679,0.04597714478099507,0.0,0.0,0.02
baseline_LSTM,True,testing,3000,366.56172978119787,313.9469480115553,-0.5895934657675568,741,0,0,0,0,0.0,0,0.0,0.0,0.0,0.0,0.0,0.0,0.0,0.0,0.0,0.0,0.0,0.0,0.0,0.0,0.02
baseline_LSTM,True,training,40000,20.936509745660434,15.303449905226591,0.9954085226903826,3252,1524,0,0,0,0.46863468634686345,1000,0.6561679790026247,686.625934030318,6.63830084204774,0.6590849524198674,0.6575673334315639,4.136890557245342,3.848666175264153,3.1912073163191175,0.05987480999251895,11.007716809493287,3.191207316319118,0.12434631015802675,0.0,0.0,0.02
baseline_LSTM,True,validating,40000,161.4160262047399,138.10182004057896,0.39339964905835567,747,30,0,0,0,0.040160642570281124,16,0.5333333333333333,0.06660104022647895,0.06715173218912929,0.021989558746441817,0.022045244469689473,0.5280909802513802,0.15273511987008734,1.912481234715617,0.0312151451399101,0.7044515938619514,1.912481234715617,0.04289714698472706,0.0,0.0,0.02
baseline_LSTM,True,testing,40000,371.4108573746524,323.0260001528762,-0.6319280859601024,741,0,0,0,0,0.0,0,0.0,0.0,0.0,0.0,0.0,0.0,0.0,0.0,0.0,0.0,0.0,0.0,0.0,0.0,0.02
baseline_LSTM,True,training,500000,16.66020557579248,12.40588635096251,0.9970926013314634,3252,1594,0,0,0,0.490159901599016,1048,0.657465495608532,753.9136458785133,6.732281632633641,0.6711309785381432,0.6695805069553096,4.189696393116561,3.8094187766573837,3.1179370060727694,0.10602073892554822,6.330185823449474,3.1179370060727694,0.12451730905062547,0.0,0.0,0.02
baseline_LSTM,True,validating,500000,125.76261911261179,106.31424787692434,0.6317756527926277,747,29,0,0,0,0.038821954484605084,18,0.6206896551724138,0.04917343699009291,0.048467593561078104,0.016325493530270574,0.016366721091228165,0.9222665832473452,0.22829182756368177,2.212308256926015,0.009217679639087706,1.7711066308967909,2.212308256926015,0.017728619671888393,0.0,0.0,0.02
baseline_LSTM,True,testing,500000,264.6821884404911,231.43508066854335,0.17121618752774292,741,1,0,0,0,0.001349527665317139,0,0.0,-0.004828002414001165,-0.004828002414001165,-0.001644534401820108,-0.00164454806221348,-0.5831646179767074,-0.021423087538984538,0.0,0.004828002414001165,-0.34062418797699284,0.0,0.00281552018335161,0.0,0.0,0.02
baseline_LSTM,False,training,10,0.1697393490571588,0.1268962707018375,0.9796259234582531,3252,1737,0,0,0,0.5341328413284133,1616,0.9303396660909614,971436.7744747244,13.89863522626961,1.9105122199955002,1.9048969701145109,9.417875428852177,37.9108018026362,107.47037892922721,0.010672593343532108,179.01105743463228,107.47037892922721,0.11435870244623059,0.0,0.0,0.02
baseline_LSTM,False,validating,10,1.1644261035603987,0.8522069598248735,-0.238429779278009,747,292,0,0,0,0.3908969210174029,171,0.5856164383561644,0.6090129537454982,0.49019650321556374,0.17403957506461087,0.17451154219371645,1.6723981999574178,1.086223053875081,1.6504127521354854,0.08999997287326257,1.9337736391286737,1.6504127521354854,0.09888045506439953,0.0,0.0,0.02
baseline_LSTM,False,testing,10,1.0942482735067531,0.8529239593430704,-0.419456028420258,741,247,0,0,0,0.3333333333333333,136,0.5506072874493927,0.05416574531999485,0.06326357809910965,0.01810103965207266,0.018101191486713075,0.25464395441380494,0.1326607204802777,1.0780740733665206,0.16704532205545744,0.10836005120851745,1.0780740733665206,0.08448949498980139,0.0,0.0,0.02
baseline_LSTM,False,training,200,0.163407125437105,0.12408853829042878,0.9811177019244907,3252,1743,0,0,0,0.5359778597785978,1611,0.9242685025817556,963542.3519851719,13.890382581984618,1.9086724727047781,1.903064090399591,9.415476904635394,51.937684275996794,111.25196252262334,0.006470959157326715,294.95974650739254,111.25196252262334,0.1143199140038431,0.0,0.0,0.02
baseline_LSTM,False,validating,200,1.1631973788935648,0.8383031639181786,-0.23581752873583084,747,295,0,0,0,0.3949129852744311,168,0.5694915254237288,0.3639523020485744,0.327716864428097,0.11038713971464587,0.11067842270115014,1.0242968462140436,0.6160882395142433,1.3617528408706159,0.0975467696319662,1.131632960590341,1.3617528408706159,0.10793266346923652,0.0,0.0,0.02
baseline_LSTM,False,testing,200,1.0547658691828237,0.8318863612874157,-0.31887106351820016,741,265,0,0,0,0.3576248313090418,125,0.4716981132075472,-0.14187450088103848,-0.14143297738239957,-0.05070346878066612,-0.05070387942631671,-0.5428875815256752,-0.309629943414775,0.8585785750152172,0.17501817630362002,-0.2897040173284984,0.8585785750152172,0.08859783500258062,0.0,0.0,0.02
baseline_LSTM,False,training,3000,0.17060202706700855,0.12861780049242025,0.9794183000351522,3252,1716,0,0,0,0.5276752767527675,1597,0.9306526806526807,980258.7507457406,13.907561835905463,1.9125518805106139,1.9069290143516242,9.432395346769484,54.29374991399117,134.3263397914096,0.0034618602785699846,552.4636255108035,134.3263397914096,0.11425599798579897,0.0,0.0,0.02
baseline_LSTM,False,validating,3000,1.1442996210499412,0.823487735813264,-0.19598857062420882,747,320,0,0,0,0.428380187416332,195,0.609375,0.5922302365531331,0.4806978090705173,0.16989411824699352,0.17035404891969352,1.586938182118913,1.012639698469815,1.5689306344764313,0.09638308692665794,1.7626963782169927,1.5689306344764313,0.10218615831425899,0.0,0.0,0.02
baseline_LSTM,False,testing,3000,1.046074928858584,0.8029845317175862,-0.297226436116109,741,304,0,0,0,0.41025641025641024,162,0.5328947368421053,0.08319809429921543,0.09446181020517763,0.027551250309306496,0.027551482480020484,0.32321276983424935,0.19251445757137994,1.0868356543199658,0.10832539313100763,0.25433787510917494,1.0868356543199658,0.09939169240066197,0.0,0.0,0.02
baseline_LSTM,False,training,40000,0.1725326250494259,0.1304405004460733,0.9789498435074113,3252,1642,0,0,0,0.504920049200492,1558,0.9488428745432399,947625.6149639625,13.873629591382906,1.9049205028880496,1.8993261197803228,9.405491769787934,51.29126154009779,180.80605817274767,0.003987308743030689,477.74592479642047,180.80605817274767,0.11430325326238419,0.0,0.0,0.02
baseline_LSTM,False,validating,40000,1.1739199945421661,0.8419466071641856,-0.2587066322906135,747,289,0,0,0,0.3868808567603748,173,0.5986159169550173,0.27674199084536144,0.26043145425980474,0.08590999645562003,0.08613421079619799,0.8438390415434621,0.4703563867966221,1.2988022316624712,0.19448138178351035,0.441738924660932,1.2988022316624712,0.1041151094969832,0.0,0.0,0.02
baseline_LSTM,False,testing,40000,1.0576974661580556,0.8164841417083889,-0.3262125439968506,741,364,0,0,0,0.49122807017543857,186,0.510989010989011,0.02329231838205481,0.040049497512706256,0.007861167787695633,0.007861233396786904,0.12659911705306706,0.08510311994108394,1.0310160942229305,0.15730053843331426,0.049975466492305005,1.0310160942229305,0.10758425766037115,0.0,0.0,0.02
baseline_LSTM,False,training,500000,0.16876889712683957,0.12728033255879315,0.9798582271703408,3252,1734,0,0,0,0.533210332103321,1611,0.9290657439446367,988971.8026254135,13.916439281278425,1.9145498033475778,1.9089194742689286,9.438959904147264,54.413555058409,127.33073959367299,0.004052955435824676,472.3836305784631,127.33073959367299,0.11424941675926406,0.0,0.0,0.02
baseline_LSTM,False,validating,500000,1.1537803729166394,0.8353571646574262,-0.21588867908134746,747,324,0,0,0,0.43373493975903615,186,0.5740740740740741,0.3886649328498921,0.3459848215489223,0.11713374372725172,0.11744375230912851,1.0710929139804182,0.679502486059393,1.3503348425348487,0.22197818714017334,0.5276813241712117,1.3503348425348487,0.10897072476297934,0.0,0.0,0.02
baseline_LSTM,False,testing,500000,1.1123681367668143,0.8786939803164427,-0.46685533225175946,741,201,0,0,0,0.27125506072874495,103,0.5124378109452736,0.022198466146697404,0.030682763531843404,0.007494649850040336,0.007494712388822711,0.13533512552419963,0.06934007112117895,1.04468422084131,0.1467876504643909,0.05105776832267273,1.04468422084131,0.07710211221738582,0.0,0.0,0.02
baseline_ARIMA,False,training,10,1.1888144929143278,0.834594922028094,0.0007378643375134386,3262,1628,0,0,0,0.49908031882280807,826,0.5073710073710074,0.5591290415665744,0.5455852853549711,0.03490565508074761,0.034837882229384665,0.33665447189351244,0.23954494355968187,1.087159190737483,0.4589188331919851,0.07606062893074841,1.087159190737483,0.12519726600517195,0.0,0.0,0.02
baseline_ARIMA,False,validating,10,1.0412747677087397,0.7096262514283951,-0.0019342866596481212,757,136,0,0,0,0.17965653896961692,79,0.5808823529411765,0.18654161152600834,0.17446499578225283,0.05859120570523113,0.0587674949978485,1.21829944384512,0.5261018792477395,1.649137645938686,0.04759400773285614,1.2310626588561728,1.649137645938686,0.047671511223193096,0.0,0.0,0.02
baseline_ARIMA,False,testing,10,0.9201251657475372,0.6970782524699964,-0.0028931354947629995,751,0,0,0,0,0.0,0,0.0,0.0,0.0,0.0,0.0,0.0,0.0,0.0,0.0,0.0,0.0,0.0,0.0,0.0,0.02
baseline_ARIMA,False,training,200,1.1888144929143278,0.834594922028094,0.0007378643375134386,3262,1628,0,0,0,0.49908031882280807,826,0.5073710073710074,0.5591290415665744,0.5455852853549711,0.03490565508074761,0.034837882229384665,0.33665447189351244,0.23954494355968187,1.087159190737483,0.4589188331919851,0.07606062893074841,1.087159190737483,0.12519726600517195,0.0,0.0,0.02
baseline_ARIMA,False,validating,200,1.0412747677087397,0.7096262514283951,-0.0019342866596481212,757,136,0,0,0,0.17965653896961692,79,0.5808823529411765,0.18654161152600834,0.17446499578225283,0.05859120570523113,0.0587674949978485,1.21829944384512,0.5261018792477395,1.649137645938686,0.04759400773285614,1.2310626588561728,1.649137645938686,0.047671511223193096,0.0,0.0,0.02
baseline_ARIMA,False,testing,200,0.9201251657475372,0.6970782524699964,-0.0028931354947629995,751,0,0,0,0,0.0,0,0.0,0.0,0.0,0.0,0.0,0.0,0.0,0.0,0.0,0.0,0.0,0.0,0.0,0.0,0.02
baseline_ARIMA,False,training,3000,1.1888144929143278,0.834594922028094,0.0007378643375134386,3262,1628,0,0,0,0.49908031882280807,826,0.5073710073710074,0.5591290415665744,0.5455852853549711,0.03490565508074761,0.034837882229384665,0.33665447189351244,0.23954494355968187,1.087159190737483,0.4589188331919851,0.07606062893074841,1.087159190737483,0.12519726600517195,0.0,0.0,0.02
baseline_ARIMA,False,validating,3000,1.0412747677087397,0.7096262514283951,-0.0019342866596481212,757,136,0,0,0,0.17965653896961692,79,0.5808823529411765,0.18654161152600834,0.17446499578225283,0.05859120570523113,0.0587674949978485,1.21829944384512,0.5261018792477395,1.649137645938686,0.04759400773285614,1.2310626588561728,1.649137645938686,0.047671511223193096,0.0,0.0,0.02
baseline_ARIMA,False,testing,3000,0.9201251657475372,0.6970782524699964,-0.0028931354947629995,751,0,0,0,0,0.0,0,0.0,0.0,0.0,0.0,0.0,0.0,0.0,0.0,0.0,0.0,0.0,0.0,0.0,0.0,0.02
baseline_ARIMA,False,training,40000,1.1888144929143278,0.834594922028094,0.0007378643375134386,3262,1628,0,0,0,0.49908031882280807,826,0.5073710073710074,0.5591290415665744,0.5455852853549711,0.03490565508074761,0.034837882229384665,0.33665447189351244,0.23954494355968187,1.087159190737483,0.4589188331919851,0.07606062893074841,1.087159190737483,0.12519726600517195,0.0,0.0,0.02
baseline_ARIMA,False,validating,40000,1.0412747677087397,0.7096262514283951,-0.0019342866596481212,757,136,0,0,0,0.17965653896961692,79,0.5808823529411765,0.18654161152600834,0.17446499578225283,0.05859120570523113,0.0587674949978485,1.21829944384512,0.5261018792477395,1.649137645938686,0.04759400773285614,1.2310626588561728,1.649137645938686,0.047671511223193096,0.0,0.0,0.02
baseline_ARIMA,False,testing,40000,0.9201251657475372,0.6970782524699964,-0.0028931354947629995,751,0,0,0,0,0.0,0,0.0,0.0,0.0,0.0,0.0,0.0,0.0,0.0,0.0,0.0,0.0,0.0,0.0,0.0,0.02
baseline_ARIMA,False,training,500000,1.1888144929143278,0.834594922028094,0.0007378643375134386,3262,1628,0,0,0,0.49908031882280807,826,0.5073710073710074,0.5591290415665744,0.5455852853549711,0.03490565508074761,0.034837882229384665,0.33665447189351244,0.23954494355968187,1.087159190737483,0.4589188331919851,0.07606062893074841,1.087159190737483,0.12519726600517195,0.0,0.0,0.02
baseline_ARIMA,False,validating,500000,1.0412747677087397,0.7096262514283951,-0.0019342866596481212,757,136,0,0,0,0.17965653896961692,79,0.5808823529411765,0.18654161152600834,0.17446499578225283,0.05859120570523113,0.0587674949978485,1.21829944384512,0.5261018792477395,1.649137645938686,0.04759400773285614,1.2310626588561728,1.649137645938686,0.047671511223193096,0.0,0.0,0.02
baseline_ARIMA,False,testing,500000,0.9201251657475372,0.6970782524699964,-0.0028931354947629995,751,0,0,0,0,0.0,0,0.0,0.0,0.0,0.0,0.0,0.0,0.0,0.0,0.0,0.0,0.0,0.0,0.0,0.0,0.02
baseline_BuyAndHold,False,training,10,1.1895434661625648,0.8343431871996195,-0.00048799336376892377,3262,3261,0,0,0,0.9996934396076027,1679,0.5148727384237963,1.331388067276047,1.0769871552611778,0.06757749178506645,0.06744424939914984,0.441307361189705,0.4313074310097893,1.082454280930039,0.443638441258952,0.1523256000839238,1.082454280930039,0.18853237393656844,0.0,0.0,0.02
baseline_BuyAndHold,False,validating,10,1.0412354479202202,0.7095458342269183,-0.0018586195991059373,757,756,0,0,0,0.9986789960369881,418,0.5529100529100529,0.4146926234116757,0.3877718599184946,0.12241730690978159,0.12279645065398204,0.7834185471933404,0.7332600738671555,1.156380559126674,0.18220816418626676,0.6718541260568187,1.156380559126674,0.16477339949898062,0.0,0.0,0.02
baseline_BuyAndHold,False,testing,10,0.9201251657475372,0.6970782524699964,-0.0028931354947629995,751,750,0,0,0,0.9986684420772304,402,0.536,0.4427783633803053,0.3983050034614397,0.13088865200405708,0.13082516639489805,0.9169512085303849,0.8925387816157369,1.1651257466330731,0.20430367714606895,0.6406573480832503,1.1651257466330731,0.1457572408239148,0.0,0.0,0.02
baseline_BuyAndHold,False,training,200,1.1895434661625648,0.8343431871996195,-0.00048799336376892377,3262,3261,0,0,0,0.9996934396076027,1679,0.5148727384237963,1.331388067276047,1.0769871552611778,0.06757749178506645,0.06744424939914984,0.441307361189705,0.4313074310097893,1.082454280930039,0.443638441258952,0.1523256000839238,1.082454280930039,0.18853237393656844,0.0,0.0,0.02
baseline_BuyAndHold,False,validating,200,1.0412354479202202,0.7095458342269183,-0.0018586195991059373,757,756,0,0,0,0.9986789960369881,418,0.5529100529100529,0.4146926234116757,0.3877718599184946,0.12241730690978159,0.12279645065398204,0.7834185471933404,0.7332600738671555,1.156380559126674,0.18220816418626676,0.6718541260568187,1.156380559126674,0.16477339949898062,0.0,0.0,0.02
baseline_BuyAndHold,False,testing,200,0.9201251657475372,0.6970782524699964,-0.0028931354947629995,751,750,0,0,0,0.9986684420772304,402,0.536,0.4427783633803053,0.3983050034614397,0.13088865200405708,0.13082516639489805,0.9169512085303849,0.8925387816157369,1.1651257466330731,0.20430367714606895,0.6406573480832503,1.1651257466330731,0.1457572408239148,0.0,0.0,0.02
baseline_BuyAndHold,False,training,3000,1.1895434661625648,0.8343431871996195,-0.00048799336376892377,3262,3261,0,0,0,0.9996934396076027,1679,0.5148727384237963,1.331388067276047,1.0769871552611778,0.06757749178506645,0.06744424939914984,0.441307361189705,0.4313074310097893,1.082454280930039,0.443638441258952,0.1523256000839238,1.082454280930039,0.18853237393656844,0.0,0.0,0.02
baseline_BuyAndHold,False,validating,3000,1.0412354479202202,0.7095458342269183,-0.0018586195991059373,757,756,0,0,0,0.9986789960369881,418,0.5529100529100529,0.4146926234116757,0.3877718599184946,0.12241730690978159,0.12279645065398204,0.7834185471933404,0.7332600738671555,1.156380559126674,0.18220816418626676,0.6718541260568187,1.156380559126674,0.16477339949898062,0.0,0.0,0.02
baseline_BuyAndHold,False,testing,3000,0.9201251657475372,0.6970782524699964,-0.0028931354947629995,751,750,0,0,0,0.9986684420772304,402,0.536,0.4427783633803053,0.3983050034614397,0.13088865200405708,0.13082516639489805,0.9169512085303849,0.8925387816157369,1.1651257466330731,0.20430367714606895,0.6406573480832503,1.1651257466330731,0.1457572408239148,0.0,0.0,0.02
baseline_BuyAndHold,False,training,40000,1.1895434661625648,0.8343431871996195,-0.00048799336376892377,3262,3261,0,0,0,0.9996934396076027,1679,0.5148727384237963,1.331388067276047,1.0769871552611778,0.06757749178506645,0.06744424939914984,0.441307361189705,0.4313074310097893,1.082454280930039,0.443638441258952,0.1523256000839238,1.082454280930039,0.18853237393656844,0.0,0.0,0.02
baseline_BuyAndHold,False,validating,40000,1.0412354479202202,0.7095458342269183,-0.0018586195991059373,757,756,0,0,0,0.9986789960369881,418,0.5529100529100529,0.4146926234116757,0.3877718599184946,0.12241730690978159,0.12279645065398204,0.7834185471933404,0.7332600738671555,1.156380559126674,0.18220816418626676,0.6718541260568187,1.156380559126674,0.16477339949898062,0.0,0.0,0.02
baseline_BuyAndHold,False,testing,40000,0.9201251657475372,0.6970782524699964,-0.0028931354947629995,751,750,0,0,0,0.9986684420772304,402,0.536,0.4427783633803053,0.3983050034614397,0.13088865200405708,0.13082516639489805,0.9169512085303849,0.8925387816157369,1.1651257466330731,0.20430367714606895,0.6406573480832503,1.1651257466330731,0.1457572408239148,0.0,0.0,0.02
baseline_BuyAndHold,False,training,500000,1.1895434661625648,0.8343431871996195,-0.00048799336376892377,3262,3261,0,0,0,0.9996934396076027,1679,0.5148727384237963,1.331388067276047,1.0769871552611778,0.06757749178506645,0.06744424939914984,0.441307361189705,0.4313074310097893,1.082454280930039,0.443638441258952,0.1523256000839238,1.082454280930039,0.18853237393656844,0.0,0.0,0.02
baseline_BuyAndHold,False,validating,500000,1.0412354479202202,0.7095458342269183,-0.0018586195991059373,757,756,0,0,0,0.9986789960369881,418,0.5529100529100529,0.4146926234116757,0.3877718599184946,0.12241730690978159,0.12279645065398204,0.7834185471933404,0.7332600738671555,1.156380559126674,0.18220816418626676,0.6718541260568187,1.156380559126674,0.16477339949898062,0.0,0.0,0.02
baseline_BuyAndHold,False,testing,500000,0.9201251657475372,0.6970782524699964,-0.0028931354947629995,751,750,0,0,0,0.9986684420772304,402,0.536,0.4427783633803053,0.3983050034614397,0.13088865200405708,0.13082516639489805,0.9169512085303849,0.8925387816157369,1.1651257466330731,0.20430367714606895,0.6406573480832503,1.1651257466330731,0.1457572408239148,0.0,0.0,0.02
baseline_LGBM,False,training,10,0.06204101731839846,0.029362860689410634,0.9972784954139866,3262,1692,0,0,0,0.5187001839362354,1666,0.9846335697399528,1228571.219204359,14.133862122786669,1.954104161464683,1.9480027704861635,9.59190658028708,375.31616864018736,4912.595716488409,0.00029578852916383645,6606.423065115923,4912.595716488409,0.1138341303796284,0.0,0.0,0.02
baseline_LGBM,False,validating,10,1.202554990521402,0.8844281708642745,-0.336344526658956,757,206,0,0,0,0.27212681638044917,118,0.5728155339805825,0.1932889337585202,0.18724353117283832,0.060591341497116424,0.060773819790397976,0.7454789246269192,0.3538508219940671,1.330191129786435,0.11643873847146692,0.5203709890069292,1.330191129786435,0.08361344434594821,0.0,0.0,0.02
baseline_LGBM,False,testing,10,1.2024739751337505,0.9681388262407041,-0.7128219205557733,751,103,0,0,0,0.13715046604527298,71,0.6893203883495146,0.4285295960988893,0.3610341985922948,0.12712864589517991,0.1270670844949655,2.2449450360053835,1.000937352645701,3.0383175752690597,0.03872789987606825,3.2826114068152337,3.0383175752690597,0.05396388812806181,0.0,0.0,0.02
baseline_LGBM,False,training,200,0.06440501880359424,0.029540154519355058,0.997067144459299,3262,1688,0,0,0,0.5174739423666462,1668,0.9881516587677726,1229270.7789699803,14.134431358338604,1.9542340744176325,1.948132167655218,9.592434625500928,319.06064345666255,5645.474393901755,0.00035353461251648834,5527.702253839403,5645.474393901755,0.11383244839901985,0.0,0.0,0.02
baseline_LGBM,False,validating,200,1.1732742665697071,0.8517621111974734,-0.27206012799885837,757,223,0,0,0,0.29458388375165123,127,0.5695067264573991,0.24361714348305163,0.23188357479734678,0.07527745349659498,0.07550571245341997,0.8026013125997491,0.42741595995447323,1.3485298233414842,0.14855251820028081,0.506739666271458,1.3485298233414842,0.09617778758504136,0.0,0.0,0.02
baseline_LGBM,False,testing,200,1.14708843203589,0.9139932209082374,-0.5586716666822844,751,118,0,0,0,0.15712383488681758,74,0.6271186440677966,0.33729252923082464,0.29579574152316457,0.10244162470238716,0.10239255405326642,1.6910391668546862,0.791187097905264,2.1479625202905157,0.05253554496800691,1.9499488349225662,2.1479625202905157,0.05869469558033908,0.0,0.0,0.02
baseline_LGBM,False,training,3000,0.060881644470539314,0.02863955688692553,0.9973792596300518,3262,1689,0,0,0,0.5177805027590435,1666,0.9863824748371818,1229046.7578820128,14.13424917952773,1.954192479621883,1.9480907380014258,9.592261445297071,292.08974408096054,5451.394328569707,0.0003535346125165248,5527.584599741392,5451.394328569707,0.11383303633410685,0.0,0.0,0.02
baseline_LGBM,False,validating,3000,1.1576968054918098,0.842058088117193,-0.2385062973713994,757,231,0,0,0,0.3051519154557464,133,0.5757575757575758,0.3853753516139109,0.3373988620743624,0.11461995795484836,0.1149737364026886,1.2901326734441414,0.7058605234049149,1.5754707444729037,0.10306172022547898,1.112148697926662,1.5754707444729037,0.08705904536699458,0.0,0.0,0.02
baseline_LGBM,False,testing,3000,1.1277850112181909,0.900278018541824,-0.506653821227562,751,123,0,0,0,0.16378162450066577,74,0.6016260162601627,0.332593458071071,0.29283710930418516,0.10114022862086203,0.10109180948325425,1.588449527779801,0.7834237340210032,1.987901057296419,0.07757318952668671,1.3038039203746778,1.987901057296419,0.06186048135065973,0.0,0.0,0.02
baseline_LGBM,False,training,40000,0.06360864136742529,0.029892981810534274,0.9971392264066818,3262,1695,0,0,0,0.5196198651134274,1668,0.984070796460177,1228535.2115272265,14.13383299931566,1.954097472749917,1.9479961083268185,9.591868987699401,308.8641115160552,4188.439701184217,0.00040364900275245236,4841.080888160438,4188.439701184217,0.11383434195858652,0.0,0.0,0.02
baseline_LGBM,False,validating,40000,1.172816391599014,0.8640754068905103,-0.27106746863561404,757,227,0,0,0,0.2998678996036988,130,0.5726872246696035,0.37451023080919565,0.3314220007463963,0.1117022745765952,0.1120466026926219,1.1699249105889489,0.6758972250559291,1.5420972303324028,0.10439392063200216,1.0700074669132855,1.5420972303324028,0.09430354261037178,0.0,0.0,0.02
baseline_LGBM,False,testing,40000,1.1685706875813253,0.9356419409485451,-0.6175988045999308,751,117,0,0,0,0.15579227696404793,73,0.6239316239316239,0.3611214795440352,0.3134930720831669,0.10899464297054351,0.10894228108419868,1.7870229791896775,0.863275147168536,2.2595383175024835,0.04336892389597877,2.5131968510901803,2.2595383175024835,0.058865171606167575,0.0,0.0,0.02
baseline_LGBM,False,training,500000,0.062001632872869965,0.02974157189793485,0.997281949610341,3262,1689,0,0,0,0.5177805027590435,1663,0.9846062759029012,1227425.706383,14.132929447787111,1.9538912845587837,1.947790738726391,9.591033714317316,311.8731498866084,3917.115715486063,0.00035353461251656575,5526.732646205127,3917.115715486063,0.11383697780916843,0.0,0.0,0.02
baseline_LGBM,False,validating,500000,1.1792315286874462,0.8568417590478069,-0.2850106108351731,757,234,0,0,0,0.309114927344782,134,0.5726495726495726,0.330822467355012,0.300304602379284,0.099812674598444,0.10011872542463318,1.0167689621173555,0.5617576595909235,1.4495606902482197,0.1537085344270712,0.6493632573525141,1.4495606902482197,0.09832056576054786,0.0,0.0,0.02
baseline_LGBM,False,testing,500000,1.1662609795187662,0.9270385669086635,-0.6112106781222713,751,117,0,0,0,0.15579227696404793,70,0.5982905982905983,0.29270101896826506,0.26141828186491844,0.08996731275002778,0.08992445809781358,1.566411445484726,0.7375591797214479,1.9972752175479094,0.06240871411855014,1.4415825421291004,1.9972752175479094,0.05600034621498702,0.0,0.0,0.02
baseline_XGBM,True,training,10,0.154131996534952,0.03742796654060988,0.999999753415477,3262,1752,0,0,0,0.5370938074800736,1263,0.7208904109589042,20720.519625403384,10.05102247796929,1.155050555558673,1.151894530095083,6.296204393490317,8.005565798455882,5.870901803861667,0.036401836560890646,31.730557155449528,5.870901803861667,0.12332411576450351,0.0,0.0,0.02
baseline_XGBM,True,validating,10,62.93374790168935,45.21480585498883,0.910406587769945,757,207,0,0,0,0.27344782034346105,107,0.5169082125603864,0.06568388538640435,0.07799875814686685,0.021403403078316785,0.021466664460818796,0.26481895573099096,0.13772809432917138,1.1038839858551583,0.15873554787413366,0.1348368614652605,1.1038839858551583,0.09804902530891467,0.0,0.0,0.02
baseline_XGBM,True,testing,10,390.09355645801764,279.0314123811481,-0.8088773753329976,751,27,0,0,0,0.03595206391478029,14,0.5185185185185185,0.027395246638552306,0.02857899499177896,0.009110130455503462,0.009105953683145485,0.2961383293895554,0.06423672567157424,1.303422454213542,0.05479297623297436,0.16626456677162563,1.303422454213542,0.03238269087187843,0.0,0.0,0.02
baseline_XGBM,True,training,200,0.005331219283747892,0.0016388369805241836,0.9999999997049923,3262,1752,0,0,0,0.5370938074800736,1263,0.7208904109589042,20660.475242590335,10.048113985076235,1.1545674899315541,1.15141309249708,6.294307547181137,8.003249205165924,5.869492297186068,0.036401836560890646,31.71728679129329,5.869492297186068,0.12332558319450462,0.0,0.0,0.02
baseline_XGBM,True,validating,200,65.6630847870807,46.08795077325171,0.9024670302076531,757,127,0,0,0,0.16776750330250992,64,0.5039370078740157,0.02228550414080388,0.03005865040746658,0.007364215114760153,0.007385831111984764,0.13713591719949145,0.053721372374138605,1.0623765874596398,0.13420650620426428,0.05487226605505779,1.0623765874596398,0.07296640059532328,0.0,0.0,0.02
baseline_XGBM,True,testing,200,395.6192585862568,283.18013660822027,-0.8604860706176753,751,25,0,0,0,0.033288948069241014,11,0.44,-0.045393997917250295,-0.045199366142789965,-0.015467754591726557,-0.015460749905159887,-0.5228315049577752,-0.08982265597173666,0.6328031174453276,0.05791671423766754,-0.267068924667462,0.6328031174453276,0.029008895843618963,0.0,0.0,0.02
baseline_XGBM,True,training,3000,5.699282835486394,4.134161448054779,0.9996628519699994,3262,1724,0,0,0,0.5285101164929491,1228,0.7122969837587007,14944.52596326411,9.724333566643807,1.101330807466077,1.0983545554858427,6.059149643510133,7.550416788178262,5.448846900273111,0.03821135195908419,28.822084302208303,5.44884690027311,0.1239837458595814,0.0,0.0,0.02
baseline_XGBM,True,validating,3000,68.46074772950327,47.839383204673034,0.893978935238555,757,189,0,0,0,0.24966974900924702,100,0.5291005291005291,0.1904543901326723,0.18674232314861872,0.05975200773789968,0.05993188754027923,0.6832949364374903,0.3524110832589058,1.303992653438712,0.1657890446538588,0.36040986823135623,1.303992653438712,0.09097859301773538,0.0,0.0,0.02
baseline_XGBM,True,testing,3000,400.22373453096947,290.7994836637088,-0.9040451987798381,751,36,0,0,0,0.047936085219707054,20,0.5555555555555556,0.05502923599510212,0.0557121035996434,0.018137565411217915,0.01812921276843582,0.4914579455655502,0.1228126804147496,1.4703386715568003,0.059230674152103556,0.3062191283631332,1.4703386715568003,0.03803853654240727,0.0,0.0,0.02
baseline_XGBM,True,training,40000,0.9442066577418643,0.26302687073689435,0.9999907463232827,3262,1753,0,0,0,0.5374003678724709,1265,0.7216200798630918,22060.387113670935,10.113231130922163,1.1655071232022203,1.1623158065757715,6.355609799534209,8.287853523385964,6.014676669845375,0.03595836919698537,32.412680253028064,6.014676669845375,0.12292756837276084,0.0,0.0,0.02
baseline_XGBM,True,validating,40000,71.5453873396239,51.28389426550114,0.8842097041447479,757,186,0,0,0,0.24570673712021135,90,0.4838709677419355,-0.04079701452902629,-0.029358285851819987,-0.013770158463774607,-0.013810149954024742,-0.10801973482358262,-0.05200334572275336,0.9591039006755155,0.18627758843858744,-0.07392278684300443,0.9591039006755155,0.09047576194525006,0.0,0.0,0.02
baseline_XGBM,True,testing,40000,402.68186073448305,293.81682398728776,-0.9275058592436232,751,30,0,0,0,0.03994673768308921,16,0.5333333333333333,-0.0017418294991381478,-0.0005258003562685909,-0.0005848139609014869,-0.0005845471275754965,-0.006171872973319212,-0.0011500531711445279,0.9951365709646732,0.057096460844033026,-0.01024256061157605,0.9951365709646732,0.02858673138109308,0.0,0.0,0.02
baseline_XGBM,True,training,500000,0.8076676995284144,0.10830385358986967,0.9999932291119077,3262,1752,0,0,0,0.5370938074800736,1264,0.7214611872146118,21184.590961094607,10.072829905088962,1.1587410998648235,1.15557262972376,6.322822092555395,8.162656136891574,5.942141749419812,0.03595836919698539,32.22451756688587,5.942141749419812,0.12307139471100559,0.0,0.0,0.02
baseline_XGBM,True,validating,500000,69.20585655031857,48.87427612465941,0.8916585655158102,757,202,0,0,0,0.2668428005284016,111,0.5495049504950495,0.16950103585134624,0.1683753137813867,0.053505791064952124,0.05366639458402234,0.632135674536888,0.3185707511128895,1.2625435319563216,0.10700425085727577,0.500034256922364,1.2625435319563216,0.08866919771497864,0.0,0.0,0.02
baseline_XGBM,True,testing,500000,400.6678560488957,290.42013561995464,-0.9082733170053565,751,38,0,0,0,0.05059920106524634,17,0.4473684210526316,-0.011641723100308865,-0.009609758354592879,-0.0039216174177445495,-0.003919831088927461,-0.08573865599472699,-0.021027456304288837,0.9398385743947932,0.06644151730497228,-0.05902359814788679,0.9398385743947932,0.037609399524342994,0.0,0.0,0.02
baseline_XGBM,False,training,10,1.1443100125961563,0.8017921017999258,0.07415423286505418,3262,2012,0,0,0,0.6167995095033721,1283,0.6376739562624254,2160.2343985919642,7.803466986099763,0.8097411168865882,0.8076932345048626,4.478302988926369,4.702700621196221,2.9014822485913214,0.08333336882360493,9.71688926437859,2.9014822485913214,0.1346141484001501,0.0,0.0,0.02
baseline_XGBM,False,validating,10,1.0374953726806544,0.706371225855983,0.005325724807968113,757,438,0,0,0,0.5785997357992074,245,0.5593607305936074,0.3749004078327596,0.3389261031755325,0.11180731724696358,0.11215198520507741,0.9670131843230063,0.6809138254308593,1.2598978940996501,0.14492624041880345,0.7714773868684248,1.2598978940996501,0.11667485888072764,0.0,0.0,0.02
baseline_XGBM,False,testing,10,0.9178538266763596,0.6963252034306531,0.0020520587553038983,751,359,0,0,0,0.4780292942743009,202,0.5626740947075209,0.47176418067072357,0.40095576687213497,0.13846203770895205,0.13839465907584048,1.3673170761819242,0.9525634656619482,1.3849815195630528,0.07613381350880272,1.818666783228228,1.3849815195630528,0.09839835325285486,0.0,0.0,0.02
baseline_XGBM,False,training,200,1.1735845361798907,0.8225135930993656,0.02617704821378175,3262,2285,0,0,0,0.7004904966278357,1356,0.5934354485776805,408.4926577689878,6.152902121939303,0.5914918583544355,0.5900809353549592,3.3099334823842685,3.2757699611237228,2.0437260003838604,0.13750764110352615,4.301519927238921,2.0437260003838604,0.1436075670186411,0.0,0.0,0.02
baseline_XGBM,False,validating,200,1.03948828966775,0.7083846661807931,0.0015007300994642758,757,415,0,0,0,0.5482166446499339,232,0.5590361445783133,0.34100718964865995,0.31202375747764377,0.10260745136463312,0.10292246592133458,0.9343571997184644,0.6607955524248905,1.2602735949766566,0.1130282770823267,0.9078033746360361,1.2602735949766566,0.1111678963003853,0.0,0.0,0.02
baseline_XGBM,False,testing,200,0.9188551135711747,0.6962393708109154,-0.00012645202169347947,751,356,0,0,0,0.474034620505992,205,0.5758426966292135,0.6006154816919536,0.48639511219129006,0.17097881421321404,0.17089446136328834,1.5802269229572026,1.0975075602592932,1.468830892065973,0.07379796368416677,2.316850027799578,1.468830892065973,0.10328335789503243,0.0,0.0,0.02
baseline_XGBM,False,training,3000,1.1621362241324766,0.8142942860469891,0.04508365660048552,3262,2253,0,0,0,0.690680564071122,1356,0.6018641810918774,784.8513994082833,6.806702282856265,0.6736874824788561,0.6720429671220676,3.650916606705569,3.6821724534368045,2.220951943794555,0.1358642907786121,4.958532360623111,2.220951943794555,0.144029491216188,0.0,0.0,0.02
baseline_XGBM,False,validating,3000,1.0394123575205285,0.7080156346886911,0.001646600765150441,757,443,0,0,0,0.5852047556142669,244,0.5507900677200903,0.39956106426298366,0.3567495949667788,0.11840645598953992,0.1187725322485933,1.0145555330740013,0.7708157574043853,1.279448543015465,0.09466673889141045,1.2507714681643427,1.279448543015465,0.11705563527526099,0.0,0.0,0.02
baseline_XGBM,False,testing,3000,0.9189231680732121,0.6959421296623407,-0.000274605146576512,751,345,0,0,0,0.459387483355526,201,0.5826086956521739,0.6248787342921893,0.49963173871288313,0.17690530048654618,0.17681780920901646,1.724332542618038,1.1997899504547713,1.5313416415430146,0.08326237975371717,2.1246726433932897,1.5313416415430146,0.09722760725917325,0.0,0.0,0.02
baseline_XGBM,False,training,40000,1.1503457828111134,0.806200834532762,0.06436155436920254,3262,2052,0,0,0,0.6290619251992643,1259,0.6135477582846004,711.3293511471243,6.694550847352404,0.6610349757261571,0.659426927617746,3.7876764664670364,3.8348227396898023,2.392783409877023,0.09746526174506631,6.782262355742544,2.392783409877023,0.1365416519916716,0.0,0.0,0.02
baseline_XGBM,False,validating,40000,1.0373851769754896,0.7078304226434085,0.005537008665414955,757,401,0,0,0,0.5297225891677675,229,0.571072319201995,0.6841523583723335,0.5367137327657576,0.18948994633312455,0.1900937335169568,1.765160693626268,1.4004865078891424,1.5599340863576736,0.0599296059037975,3.161875394897555,1.5599340863576736,0.10121925135639762,0.0,0.0,0.02
baseline_XGBM,False,testing,40000,0.9209766662429453,0.6976078137485396,-0.004750185318846301,751,318,0,0,0,0.4234354194407457,182,0.5723270440251572,0.4212015022163582,0.36407049415045833,0.12518517742896895,0.12512460837022954,1.3332358777943993,0.8700460244329158,1.4134009576079647,0.13144082924135359,0.9524070880525418,1.4134009576079647,0.09163029713627305,0.0,0.0,0.02
baseline_XGBM,False,training,500000,1.04834589081015,0.7253987791516456,0.2229294610987682,3262,1882,0,0,0,0.5769466584917229,1419,0.7539851222104145,81602.49439728472,11.42528605795436,1.3957710442909361,1.3917790195942064,7.1885747284999155,10.406145460172604,7.519402286134682,0.028757378006595686,48.53610242111806,7.51940228613468,0.12278374475951521,0.0,0.0,0.02
baseline_XGBM,False,validating,500000,1.0386443270136092,0.713085967097271,0.0031214390752560828,757,385,0,0,0,0.5085865257595773,210,0.5454545454545454,0.40739539260230173,0.3624183222447177,0.12048665611209453,0.12085950447361626,1.0297107059321076,0.7202972016508807,1.3186921957169462,0.15220555950439874,0.7916048303650332,1.3186921957169462,0.11716545372716504,0.0,0.0,0.02
baseline_XGBM,False,testing,500000,0.9196512167821767,0.6996520856087394,-0.0018602374394647292,751,328,0,0,0,0.4367509986684421,181,0.551829268292683,0.29898134725513303,0.2741753675272087,0.09174133344978763,0.0916975987514459,1.001199671093914,0.6702939671018862,1.2827078817189606,0.08763477897423562,1.0468598714302608,1.2827078817189606,0.09189001868127034,0.0,0.0,0.02
baseline_EAF,True,training,10,39.286662986529315,19.727472432766277,0.9839797057354676,3262,1778,0,0,0,0.5450643776824035,1122,0.6310461192350956,657.1994044923468,6.613521404614992,0.6509244053534904,0.6493453662981052,3.777705054485741,3.301962629081144,2.6072249568478503,0.3442957116170465,1.8905969008336099,2.607224956847851,0.13524502556356563,0.0,0.0,0.02
baseline_EAF,True,validating,10,82.2618691446503,53.768162675703834,0.8469243784071498,757,324,0,0,0,0.42800528401585203,192,0.5925925925925926,0.542513714939006,0.4473289166703063,0.1552078399385719,0.1556953803105059,1.5492602521368308,1.0394118059653972,1.5357407088293906,0.07899650106647355,1.9647432208164315,1.5357407088293906,0.0961185599777803,0.0,0.0,0.02
baseline_EAF,True,testing,10,100.79876568366127,70.77831494855818,0.8792236219403563,751,326,0,0,0,0.4340878828229028,165,0.5061349693251533,0.0333438605602141,0.046164159273071825,0.011066918910661805,0.011061840091967534,0.16353971062738148,0.10609661045198025,1.0422936363424302,0.1467503303668038,0.07541324699576443,1.0422936363424302,0.09472013526039058,0.0,0.0,0.02
baseline_EAF,True,training,200,0.005331219283747892,0.0016388369805241836,0.9999999997049923,3262,1752,0,0,0,0.5370938074800736,1263,0.7208904109589042,20660.475242590335,10.048113985076235,1.1545674899315541,1.15141309249708,6.294307547181137,8.003249205165924,5.869492297186068,0.036401836560890646,31.71728679129329,5.869492297186068,0.12332558319450462,0.0,0.0,0.02
baseline_EAF,True,validating,200,82.33210399574067,53.955991797907025,0.846662876127076,757,302,0,0,0,0.3989431968295905,175,0.5794701986754967,0.41952462071014796,0.3635133964801057,0.12369207000809057,0.12407537578641947,1.2910981819866687,0.8447253160066409,1.4526709916699407,0.07899650106647343,1.5657917545488125,1.4526709916699407,0.09372723647402573,0.0,0.0,0.02
baseline_EAF,True,testing,200,100.84260546091899,70.63669274300932,0.8791185420637245,751,326,0,0,0,0.4340878828229028,165,0.5061349693251533,0.0333438605602141,0.046164159273071825,0.011066918910661805,0.011061840091967534,0.16353971062738148,0.10609661045198025,1.0422936363424302,0.1467503303668038,0.07541324699576443,1.0422936363424302,0.09472013526039058,0.0,0.0,0.02
baseline_EAF,True,training,3000,66.52746796821803,45.14205380643825,0.954060930380619,3262,1429,0,0,0,0.43807480073574495,777,0.5437368789363191,5.7758075318364535,2.0258808158575876,0.15929621184276144,0.1589691791226333,1.1893772088413683,0.8095031790003435,1.3852309532024203,0.3710836082345465,0.429273102632108,1.3852309532024203,0.13158635707594063,0.0,0.0,0.02
baseline_EAF,True,validating,3000,76.48741276342217,50.08192998162978,0.8676607019163657,757,339,0,0,0,0.4478203434610304,189,0.5575221238938053,0.3465103549168076,0.31807926773533834,0.104111678810213,0.10443152650558218,0.9040108601151582,0.6119234583172486,1.2912459668482192,0.07899650106647314,1.3179277234393736,1.2912459668482192,0.11712952346672871,0.0,0.0,0.02
baseline_EAF,True,testing,3000,101.67614044591498,71.47648415394058,0.8771119428606363,751,326,0,0,0,0.4340878828229028,165,0.5061349693251533,0.0333438605602141,0.046164159273071825,0.011066918910661805,0.011061840091967534,0.16353971062738148,0.10609661045198025,1.0422936363424302,0.1467503303668038,0.07541324699576443,1.0422936363424302,0.09472013526039058,0.0,0.0,0.02
baseline_EAF,True,training,40000,45.33439876894738,25.761900470857604,0.9786677862252774,3262,1755,0,0,0,0.5380134886572655,1083,0.6170940170940171,294.88379481325626,5.813681394550941,0.5520369819256832,0.5507353406528139,3.305127395123584,2.7928161023474702,2.3106865542479493,0.364606144931202,1.5140638456048174,2.3106865542479493,0.13588753097941833,0.0,0.0,0.02
baseline_EAF,True,validating,40000,82.25126282782323,53.67885655109601,0.8469638490365374,757,316,0,0,0,0.41743725231175693,185,0.5854430379746836,0.47803519141754003,0.4041342600741048,0.13890335795743503,0.1393366538425107,1.424156678733817,0.9468298859368826,1.497510474665855,0.0789965010664734,1.7583482316584076,1.497510474665855,0.0944653546297985,0.0,0.0,0.02
baseline_EAF,True,testing,40000,101.73769525761787,71.60619857117594,0.8769631047769617,751,326,0,0,0,0.4340878828229028,165,0.5061349693251533,0.0333438605602141,0.046164159273071825,0.011066918910661805,0.011061840091967534,0.16353971062738148,0.10609661045198025,1.0422936363424302,0.1467503303668038,0.07541324699576443,1.0422936363424302,0.09472013526039058,0.0,0.0,0.02
baseline_EAF,True,training,500000,42.55822182110634,23.81277136507391,0.9812004629752129,3262,1790,0,0,0,0.5487431023911711,1099,0.6139664804469274,318.3234558204814,5.893213750516662,0.5612048498132582,0.5598779839845172,3.3070796973986987,2.816008345093024,2.2843071057577973,0.36460614493120214,1.5392084242550341,2.284307105757797,0.1376651830186248,0.0,0.0,0.02
baseline_EAF,True,validating,500000,77.907317357491,50.66808936901419,0.8627016286792539,757,355,0,0,0,0.46895640686922063,199,0.5605633802816902,0.29479866336775484,0.2786014054011815,0.08981138592794613,0.09008553053726898,0.7980321216389408,0.5388566116011777,1.2474563992009813,0.07899650106647357,1.136903340217209,1.2474563992009813,0.1162164463877846,0.0,0.0,0.02
baseline_EAF,True,testing,500000,101.43732570242955,71.45443266400008,0.8776885385958442,751,326,0,0,0,0.4340878828229028,165,0.5061349693251533,0.0333438605602141,0.046164159273071825,0.011066918910661805,0.011061840091967534,0.16353971062738148,0.10609661045198025,1.0422936363424302,0.1467503303668038,0.07541324699576443,1.0422936363424302,0.09472013526039058,0.0,0.0,0.02
baseline_EAF,False,training,10,1.5833252078530498,1.1627906104938475,-0.7725214590922684,3262,1445,0,0,0,0.4429797670141018,770,0.532871972318339,2.5668954784465385,1.3657835171790025,0.10323037297053883,0.10302351590826042,0.875752135826851,0.5907768938987287,1.2592376802046148,0.30676005855946753,0.3365182985532874,1.2592376802046148,0.1204806345134786,0.0,0.0,0.02
baseline_EAF,False,validating,10,1.417542816699826,0.998262789226991,-0.8568675233745047,757,437,0,0,0,0.5772787318361955,237,0.5423340961098398,0.34421030567477895,0.31381448220597197,0.10348348636363935,0.10380131492170164,0.9549132526546705,0.7147812838709788,1.2535421153164326,0.14492624041880345,0.7140424402412974,1.2535421153164326,0.1093990932893893,0.0,0.0,0.02
baseline_EAF,False,testing,10,0.9625893169008961,0.7327258387881918,-0.09759701089612038,751,377,0,0,0,0.5019973368841545,212,0.5623342175066313,0.4586917644652333,0.3932707869307619,0.13505887445458153,0.1349932480363043,1.287295926159113,0.9001397635373063,1.3561990520647862,0.07613381350880272,1.7739670224054362,1.3561990520647862,0.10251180868013471,0.0,0.0,0.02
baseline_EAF,False,training,200,1.5863740241769928,1.1651000219115197,-0.7793542882964042,3262,1475,0,0,0,0.45217657878602086,773,0.5240677966101694,1.4619349860352702,0.9993074700952767,0.07208044705238881,0.07193803073168481,0.6264665422723554,0.42083964929686934,1.1767991803559403,0.30676005855946736,0.2349733775344666,1.1767991803559403,0.12323039382084729,0.0,0.0,0.02
baseline_EAF,False,validating,200,1.4172235835099256,0.9987684448081225,-0.8560312777403398,757,426,0,0,0,0.5627476882430648,234,0.5492957746478874,0.5566517856404678,0.4590558769885261,0.15872184901343767,0.15922116915613738,1.4594993418612165,1.1621147944825436,1.4194343697487275,0.08940138106714486,1.7753847548980222,1.4194343697487275,0.104704732005599,0.0,0.0,0.02
baseline_EAF,False,testing,200,0.963577809756488,0.7326659797982152,-0.09985243564748036,751,364,0,0,0,0.48468708388814913,215,0.5906593406593407,0.6287201613354543,0.5038232880127116,0.1778381959182871,0.17775020937515706,1.6366049641794935,1.1160772515687631,1.480417216597998,0.07926268535960843,2.2436559537624734,1.480417216597998,0.1032987288864236,0.0,0.0,0.02
baseline_EAF,False,training,3000,1.5852504354032881,1.1641947286648493,-0.776834637244797,3262,1466,0,0,0,0.4494175352544451,772,0.5266030013642565,1.6035549543232595,1.0542907243589024,0.07672269964503897,0.07657078788290739,0.6641905834937651,0.44455287444850317,1.189256042067864,0.3067600585594675,0.25010654909027463,1.189256042067864,0.1226264781833669,0.0,0.0,0.02
baseline_EAF,False,validating,3000,1.4170078237393744,0.9982691718437723,-0.8554661920273035,757,447,0,0,0,0.5904887714663144,246,0.5503355704697986,0.5757090564080725,0.4724878744811156,0.16342499027173574,0.16394012534820646,1.4462455497567328,1.2017957857197892,1.4137848036744507,0.07514751375970521,2.1747225170257822,1.4137848036744507,0.10875601684785856,0.0,0.0,0.02
baseline_EAF,False,testing,3000,0.9632049877471047,0.7322079838951866,-0.09900150308347011,751,354,0,0,0,0.47137150466045274,210,0.5932203389830508,0.6225816032973592,0.49946130728158766,0.1763467389605906,0.17625954405680555,1.6533942941942417,1.1002411927736409,1.503176145510254,0.08326237975371717,2.1179641932191804,1.503176145510254,0.10136453181015162,0.0,0.0,0.02
baseline_EAF,False,training,40000,1.584431501993506,1.1638797051044398,-0.7749993014970975,3262,1455,0,0,0,0.4460453709380748,767,0.5271477663230241,1.8181800757732582,1.1314271094549861,0.08333190479185815,0.08316640857030522,0.7205108308341185,0.4840157036594398,1.2078924836137697,0.30676005855946753,0.2716517436565285,1.2078924836137697,0.12131168942591074,0.0,0.0,0.02
baseline_EAF,False,validating,40000,1.4162121080720809,0.9972348546264599,-0.8533829163329385,757,426,0,0,0,0.5627476882430648,238,0.5586854460093896,0.6246053766094912,0.5016102607477012,0.17532099956507574,0.17587638505408143,1.602630597863493,1.310495558404498,1.480576145646777,0.07514751375970555,2.3330246177629856,1.480576145646777,0.10419278409576355,0.0,0.0,0.02
baseline_EAF,False,testing,40000,0.9653345699700876,0.7335491137968257,-0.10386651384190859,751,344,0,0,0,0.4580559254327563,194,0.563953488372093,0.32551915502407347,0.29582806466404554,0.09917525487367329,0.09912781812145166,1.0245501953293132,0.6744026720968701,1.2908271516995482,0.13144082924135359,0.7545239591540177,1.2908271516995482,0.09688727373177711,0.0,0.0,0.02
baseline_EAF,False,training,500000,1.4983269173675826,1.110048794046329,-0.5873197236358967,3262,2205,0,0,0,0.6759656652360515,1146,0.5197278911564626,1.9351203781673645,1.2099465436221588,0.08673988689160073,0.08656735591348719,0.6522166180345135,0.5330000078076136,1.1538675233445272,0.5088148142488582,0.1704743739029123,1.153867523344527,0.143314755539671,0.0,0.0,0.02
baseline_EAF,False,validating,500000,1.2670337091133683,0.872278743259921,-0.4834909047018938,757,346,0,0,0,0.4570673712021136,197,0.569364161849711,0.31715159401506954,0.29226931482269514,0.0960387468941144,0.09633272661853343,0.9207495968611361,0.5929899006661422,1.3009478294828782,0.15778153240622378,0.6086817983669558,1.3009478294828782,0.10566869533786621,0.0,0.0,0.02
baseline_EAF,False,testing,500000,0.961978611241838,0.7324969539058064,-0.09620473267600116,751,352,0,0,0,0.46870838881491345,203,0.5767045454545454,0.42616702093965353,0.3692723849200603,0.1265027973339612,0.12644155566110626,1.2683787924899115,0.8477965006106629,1.3631040231910736,0.08763477897423562,1.4435227522072334,1.3631040231910736,0.09769187905329388,0.0,0.0,0.02
